user_id;vector;antibiotic;restriction_sites;aa_seq_length;nucleotide_seq_length;tag;tag_seq;coding_seq
PKY79758.1_Pseudoglutamicibacter_albus_506_TM1;pCDFDuet-1;Spec/Strep;NcoI/HindIII;506;1518;TEV cleavage site + C_term_His_tag + Stop codon;ENLYFQHHHHHH;MSFEIPEALSGVPRRVDDGLPLAAELRRQLLAGEITAVEIAQDVAERVRSKNPDLNAVVTWDEDMLLAQARDADDALAGFRGSATADSAALGKRVPPLLGLPMGLKDGLDVAGLPTTHGSAAVDHVVAGEDGLHATRLRSAGANLFAKTAVPEFLLSCHSENPIHPPARNPLEVSRTPGGSSGGAAAAVAGGLMPVAPGNDGGGSVRIPASATGLVGLKLGRGAMVEDITDEDGNVAAVDRWGAPKLGVTGPLGRDARDAALMLDGLLFDRSRLAAGHSATPALDAVVNTLDHSEGLAGLHVGFTRASAFDAALPVEISPAAEAAFARACAVLERLGAAVEESPWEAPSDYDETFRKVWTAGLGRTPIQYEDKLGDLAASFRAEAQARTPQEQENANERLLEIGGAMSTAWGSFDVVVTPAMADTPPRIGYFTEHDGATDYRMQCLYTPYTSMVNVAGVPAVTVPVGWTPDGFSMSAQLIGRMGSEVQLLCIAALMQRELASEGLI
PKZ37694.1_Kocuria_rhizophila_530_TM1;pCDFDuet-1;Spec/Strep;NcoI/HindIII;530;1590;TEV cleavage site + C_term_His_tag + Stop codon;ENLYFQHHHHHH;MAHFPTLTETVAALRHGETTSEALTSAALDRIDALNEHLGAFVRVEREAALTSARDADQRLRCEGLLEAPRAPASEQSGGTTRHGETRTSAVPSRGHAEAAVLRGVPLSLKDGHDVAGMPTSWGSLTARGEDGSIPRAERSDELAATLQDSGAVLLGKTQVPEFLLNCYSENRAYPPARNPFALDCSAGGSSGGQAAAVAAGILPAAIGSDGGGSVRIPAAACGLIGLKPNRGRVPSSDALSNVGQLGVNGPITRTAADAALLLDVLCHTPGRERIDRPVVAVPEPSFAAVVERARAGDLPWGDRPLRIGVSTASPFDATYKITVSPEARAALDEGIRALEALGHTVEDADIHYDPAYPEAFSRLWTTAMGQLPLDGAEHLLTGLARSFRERALSRTAVELADAFAVLRGIEADLIRQFSRFDMILTPALAMPPRPVGWFHEGFDIADPAGADQDYRRQCQYTPWTSVVNVIGLPAITVPTTWRIPETGGYPGPVPMGVQLVGRASGEAQLLALAAQLDPPTTPHAHLVA
PKZ08631.1_Dermabacter_hominis_502_TM1;pCDFDuet-1;Spec/Strep;NcoI/HindIII;502;1506;TEV cleavage site + C_term_His_tag + Stop codon;ENLYFQHHHHHH;MLADGLDDPLDFSAVRLARAYRDGELTPSVHVERALERAHERGAKVGAFSCVTDDRARTQAERAEEMLRAERSGGGAPAPLLAGIPLPIKDLVEVEGLPFEAGSPALAGNMSTRTDGIAEDLIAAGTLTLGKTTTSEFGMSVFSESPLGAARTPWDVRRTAGGSSGGAGAAVACGIAPLAHGNDAGGSVRVPAACNGVLGMVTSRGTVSAGPHGLDGPGLARHGMLARTVADLALGVDLIAHARPGDAFAGPRPTRGAGCGATSSVEASLAALDAREVSPLRIGVLTSPMVAEVELAASSLDAVERARSLLEALGHTTIEIPAPMTPEDWQTFMPVWAVGAASIPLPYGPAGSAEARAGEEAAGVGALTRWLRGIGAEVTGLEYAAAIARIQKLTRRMAEAWESFDAILTPMLSEPPVLADRIPGDPREDFDFQSRFTPFTSVWNMNGFAAMSVPLHRTVIDGIELPVGVHLGGIRPGAETTLLGIAAQLEALDPWPLLVAP
PLB82905.1_Actinotignum_timonense_493_TM1;pCDFDuet-1;Spec/Strep;NcoI/HindIII;493;1479;TEV cleavage site + C_term_His_tag + Stop codon;ENLYFQHHHHHH;MEFLEENVDPLDLSAMQLARRMRTGRVDPVAHTERVLERARSRGAAVGAFTHIAEEFSLRQAHAAAAQLKEGRGGPLTGVPFPIKDLDDVAGLPTEYGSRAMRGNIATTTGGVAQSILDAGTVTIGKTTTPEFGFVGYTEPDGLTPARTPWDLARSAGGSSGGAAAAVAAGVVPIAHGNDGGGSVRIPAAHCGVLGIKPSHGLVSPGPGSSFFSDSGLATAGVLARTARDLAAGLDIIARRRPGDWSPYPGAGDYLATLDAEFGCGPQSRSRALALADLRVGVLTEPLNVDTEIHPACLEAVARAAEDFRAMGARVEQIARPFGPEAWQSFMPIWQAGAAAIPLPPEREELLTPMSRWLRARGREATAPQLMAGLQGMYAIARRMGEAFADYDVIVSPALGTPPADPAWVCCPDDPAEDFRRQCIVSPWTSSWNMFGPAAVAIPIHRAEVDGTELPFGVHVGATRFGEEQLLLSIVAALETLDPWPLIRQPRQ
PLA23573.1_Cutibacterium_acnes_468_TM1;pCDFDuet-1;Spec/Strep;NcoI/HindIII;468;1404;TEV cleavage site + C_term_His_tag + Stop codon;ENLYFQHHHHHH;MTMDPLTALETSTRIAAGDVGILDIVDAALEAAHADECHAWTWIDDTGARNTARKLQRQLDAGQARPGPLFGVPCPVKDLNALAGAPRAVGSRAVGGTPSDHDDGIVTRLKAAGAIPIGTTAAPEFGLPCYTEPDGRAATVTPWDHTRMAGGSSGGAAAAVGAGQVPIAQGSDGGGSIRIPASCCGVVGLKPSRGRVSAGPYGIDGPGLVCGGVLTRTVRDTAAALDVLSGPWPGDPFYAPTPTETFLSACGRDPGRLRIGILREPVIADAQVHPDILAALDRTAATLESMGHVVEQTSAPFGPREWDSFRCVWEVGAAAIPVLPEREELCTPMSRWLRAGGRRRSGVELAEALAGIQMVARQVGQHWRRFDVIVSPTLAQPPLPVGALRDDEDPAADFDAQCRFTPWTSLWNITGCPAMSLPLHNTRIDGVELPIGIMIGGRLYDEATLLALGCALENTRDCERSCR
PLA20978.1_Corynebacterium_pyruviciproducens_401_TM1;pCDFDuet-1;Spec/Strep;NcoI/HindIII;401;1203;TEV cleavage site + C_term_His_tag + Stop codon;ENLYFQHHHHHH;MLIRVRIVRDGVDTQGLTPEEHGFVCTDVLLPEVEGDLTGWNIPAKDLAPVEGLPMSLGSIHRTLMPDSTDPAIRALRARGATIYGKTQTSELGLTAYCEPNGMPAPMNPRFPGATTGGSSGGAAVAVARGLVRAAHGTDGGGSIRVPAAACGVYGLKLAHNNQGAVPTGHGFLARSLDDLEILIGARHESGPTSRSVRQEIPASRSVRQEIPASRSVRRDLRVGYITEPLHAEVEPDPRAIDETVRVARALGGHFVARPYPISHFDSFATVFAYRATRIHGPLQPIGEWLRETGQAVTSAQYVRAAEDFMATEQMVDALDVDVLVMPVLAYEPPPIGYFSSLAPWDDFAEQTRWTPWATLANMGGYPALTLPIGLGVQLVGVHATAEDLLLLARGVAPTP
PLA27924.1_Corynebacterium_coyleae_359_TM1;pCDFDuet-1;Spec/Strep;NcoI/HindIII;359;1077;TEV cleavage site + C_term_His_tag + Stop codon;ENLYFQHHHHHH;MLHPAFTLPPSTHTRPRPNVGRLAGWQIPVKDGTDVAGMTTTHGSPARAYTATATDPFISNLLAQGVAIHGKTLTSELGATCYAERPDVPVLESPAYPGCTPGGSSTGAAVVVADGTVRAAHGTDAGGSIRVPAAACEIVGFKPASKGIAAHGFLTQDVADQFTLWGWHRRIKGKRLRIGVLTDGIFARPDVEDRRGALVEKLASALDFEVVQLKPYRESLETYAHFTTTITASFNLTDPLDSGYIGWLVEQSHKLTNSDLDAAEQHRRVLPHLIASQWDVDVVLSPTLAFAPPRIGYFPSLTPEASFHAQTEWSPWCSLYNMLGTPAIALGGVHLGSLTLTGPELLTVAQHFETLLGD
PKY89520.1_Falseniella_ignava_502_TM1;pCDFDuet-1;Spec/Strep;NcoI/HindIII;502;1506;TEV cleavage site + C_term_His_tag + Stop codon;ENLYFQHHHHHH;MLFTEDAVQIAQQIRGSHISIVDTVQRALDNIDQYNPLLNAVTHTQYDALDIAEAYQAKLDALSDAQKEALPPFYGVPILLKDLGQTQAGQPSTSGSRLMKDFIAPITDNFVQQVLDAGFIVVGRTNTPEFGFKNESDSDFNGAVNHPMDLKRNPGGSSGGAAAALKAGLVPAVTASDGGGSIRIPASFTGLIGLKPTRGRMPVGPGGYRGWQGASIDFAITRTVRDTWEMLKALQVEQTEAAFFCPKIAQQELTALDRPLNIAYTYDVPAGYALREEAREALDQAVEQLKRLGHQLVEVPLPTDGRRAMETYYMVNGVETQVMMESIEQGQQRKVTQDDMEPMSWALYRSGENVTGADYSRVLTYWDNLAVQMEQFFKEYDVLLTPTNNGAAFVHEEFHKQPEMVDRLHHIDDLSKAEQQSLIWEMFDRSLEWTPFTQQQNLTGQPAISLPMYHTAQGLPIGIQAWGGRGEEYLLLQLALQLEENGLLHTDIIDLSTQINE
PKY89575.1_Falseniella_ignava_498_TM1;pCDFDuet-1;Spec/Strep;NcoI/HindIII;498;1494;TEV cleavage site + C_term_His_tag + Stop codon;ENLYFQHHHHHH;MIFNQDASYYGQAIKNGDYRCTDLVEAVLENTKHFNSKLNAITETYPDSALQQAKKMDQCLAQMDAKTRQTLSPFYGVPYLLKDLGQFYQGHPTTAGSSLLLKSISQHTDRSLQQGLDAGLIYWGRSNVPEFGLKTVSDSKYFGKVNNPMNLSYNPGGSSGGAAAAVKAGIAPIAAASDAGGSIRVPASDTGLIGLKPSRGRIAQGPNRYRPVNGLATSLVVSRSVRDVFHSLKTFQANQKTAIHHLPLIEAPTLESLEKPLKIAYSYQHPRGLDTDPEAIIAMKKTLNTLKNLGHEVIEIDLPVDYEAVMEAYYTIMATETGQLVRQIEQNQTTIEFDQLDPLTWVTYQFAPNAPASAYIKFSAQQDLWVETMQTLHQTYDLYLTPTCSSPAVNNTDLVYPEELLSEIHQMDQLNYEAQWDVTKKAFDFTYLRTSYCPLLNITGQPGISLPVHETDKGLAMGVHFAAAIGEEYRLLQIANSLEKVGLLHTDICSVTI
PKY92403.1_Facklamia_hominis_500_TM1;pCDFDuet-1;Spec/Strep;NcoI/HindIII;500;1500;TEV cleavage site + C_term_His_tag + Stop codon;ENLYFQHHHHHH;MLFSHDATYYGQGIKEGQWSCLELTQACLANTEKLDPLLNAITEVYTESAIEQAKARDLTLAKLNHQERQNLSPFYGLPYLLKDLGQFFQGHPTTAGSSLLLKDRASQTDLALQQGQKAGLVYWGRSNVPEFGLKTVSDSKYFGKVANPLNLAYNPGGSSGGAAAAVKSGMAPIAAASDAGGSIRVPASDTGLIGLKPSRGRIAQGPSRYRPVNGLATQLVLAKSVRDIFNALKVFQSDQLTAIHHLPVIQESLLHPLDRPLKIAYSSQDPRGNKLSNQAKKALKKAVSSLRDLGHEVIEIDLPVDYDAVMAAYYTIMATETGYLVHQLEKKGQSIDFEALDPLTWVTYQLADQMPASAYIHFAGQQDQWVESMQMLLQDWDLFLTPTCSAPAVKNSDLVYPQGLLDQIQAMKSMSFQQKWQVANNAFDFTYLRTSYCPLLNITGQPGISLPIYQDETGLAMGVHFTAAVGKEYLLLQIAQALEAQGKLHAEICKLIEPA
PMC29638.1_Lactobacillus_iners_496_TM1;pCDFDuet-1;Spec/Strep;NcoI/HindIII;496;1488;TEV cleavage site + C_term_His_tag + Stop codon;ENLYFQHHHHHH;MLFTEDATYYADLVKNKKISCLKLVEYAIDNAIKLQPILNCITITWFDKALCQAKKMDRQLQYLTEDERQKLPPFYGVPTLLKDLTEFWEGTVTSNGCALMRDKVSSRTDAYVQKVLEMGFLPIGRSNVSEFGLKTVADSNAFGAVCLPQDITRNPGGSSGGAAAAVKAGIVPIAMGSDAGGSIRVPAGYTGLIGLKPSRGRIASGPGIYRGFNSLSTQFALAKSVRDVFTMLKNASVYSPYAMCSLPTIKEEKIQSLTKPLKIAYSVHSLSDEPTSSYAIKAIKSVVSYLKAMGHEVIEDAPAIDIVKLFHFYYTTCLVETGRNLANFKDQSDRVLCKALGDLAWLSYKIGPQISAYEYSGMLKDQDILIEQNAKFYQNYDLFLTPTTISVAKKQTECALPQTLKNLLSNLQSMSIREQRDVAIQAFDNTYRWTPFTQLMNLTGDPAISLPVYETINGLPIGVQISSLKGNEYRLLQVAKDFEEHGLLKTHIVSL
PKZ94153.1_Streptococcus_salivarius_483_TM1;pCDFDuet-1;Spec/Strep;NcoI/HindIII;483;1449;TEV cleavage site + C_term_His_tag + Stop codon;ENLYFQHHHHHH;MSINEWSDATAMAEAVRNKTVSPRELVEATIREAERTNPKINAIVSQRYEKAIEEAETRNFSGKPFSGVPIFLKDLGQEQAGEPSSAGSRLFTSYRAKETDNYVKKLEELGFIILGRSSTPEFGFKNISDAQIHGPVNLPNDVTRNAGGSSGGAAALVSSGISPLAPASDGGGSIRIPASFNGLIGLKPTRGRIPVGPSSFRGWQGASVQFALTKTVRDTIRLLYHMQTCQMESPFILPKLSKVSLEEAVRPLKIAFLTVSPIGGNVSESAIAATKKAARALESLGHHVHEISNQPLNGIEAMQSYYIMNSVETAAMFDSIEAGLGRKMTLEDMELMTWAIFQSGQKIPAKIYSKILAQWDQYSHQMAKFHESYDILLTPTVAEVAPKHGQFALSENLQNHLKHMADFDWPKQQELIWEMFADSLDWTPFTQQANLTGQPSISLPVYRDEQGLSLGVQLTAAKGREDLLLHLAQQMEECSVFS
PLA78093.1_Streptococcus_agalactiae_486_TM1;pCDFDuet-1;Spec/Strep;NcoI/HindIII;486;1458;TEV cleavage site + C_term_His_tag + Stop codon;ENLYFQHHHHHH;MVFKDATAMVQAIKQHKISSQELVEQAIYKIEEQNVSVNAVVSKQYNEARQAAKYANESNAPFAGVPILLKDLGQNQKGQLSTSGSQLFKHYHAKQTDYLVQSFEKLGFIILGRTNTPEFGFKNISDGQLHGNVNLPFDHSRNAGGSSGGAAAAVSSGMVPIAGASDGGGSIRIPASFNGLIGLKPSRGRIPVGPSSYRGWQGASSHFALTKSVRDTKRLLYYLQSYQVESPFPLKKLSKESLFEFSVSKPLKIAVLMDSPLKTKVSSEAKAAIKEAADFLSQKGNHLELVEQPLDGIHSMKTYCMMNSVETAAMFDDIEKSLGRSMEFSDMELMTWAMYQSGQRVLAKDYSKLLDSWDQFAATMARFHENYDLILTAATNQPAPFHGQFDLDETLQKQLRHMGEFSVSEQQDLIWKMFEDSMAWTPFTHQPNLTGQPSLAIPTHLTKEGLPLGVQLTAAKGREDLLLAVAELFEKEKQFKGPVYH
PKZ01497.1_Enterococcus_faecalis_482_TM1;pCDFDuet-1;Spec/Strep;NcoI/HindIII;482;1446;TEV cleavage site + C_term_His_tag + Stop codon;ENLYFQHHHHHH;MKDGLYWVQQLKEQKVSHTELLKDIEKKVQKLNPKINGFVTFDSQKAEATYQKNKQQDTLFAGLPFPLKMLGQEKAGWSATAGSQLFKNSTATTTSNFVKQAETIGLMPLGQTNAPEFGFKNITDPALYGPARNPWNLEHSPGGSSGGAAAVVASGIVPIAGASDGGGSIRIPASFSGLIGLKPSRGSMPVGPEGWRGWQGASIDFALTISMRDTKALFYGLRGSHSGAPYQAPLAEWQTHPKKQRLKIALCTASPIGSMISPEATQAAKQAADFLAAAGHEIIEIPYPVDGAALIRSYYQMNGAETTAMMNSIQQGLGRPIRKEEIEPFSWTMHQFGQKIPAATYVHSLQLWDQAAVTMEELFQKFDLFLSPTTAFSAPKINEDLQSEHIRQRMEQAAELTEAELAELIYDYFDKSLQLTPYTQLANLTGQPAISLPTHVTATGLPLGIQLLAARGREDLLFQVGEQFEQEGKFKLPESYR
PLA79535.1_Streptococcus_agalactiae_680_TM1;pCDFDuet-1;Spec/Strep;NcoI/HindIII;680;2040;TEV cleavage site + C_term_His_tag + Stop codon;ENLYFQHHHHHH;MKRKYFILNTVTVLTLAAAMNTSSIYANSTETSASVVPTTNTIVQTNDSNPTAKFVSESGQSVIGQVKPDNSAALTTVDTTHHISAPDALKTTQSSPVVESTSTKLTEETYKQKDGQDLANMVRSGQVTSEELVNMAYDIIAKENPSLNAVITTRRQEAIEEARKLKDTNQPFLGVPLLVKGLGHSIKGGETNNGLIYADGKISTFDSSYVKKYKDLGFIILGQTNFPEYGWRNITDSKLYGLTHNPWDLAHNAGGSSGGSAAAIASGMTPIASGSDAGGSIRIPSSWTGLVGLKPTRGLVSNEKPDSYSTAVHFPLTKSSRDAETLLTYLKKSDQTLVSVNDLKSLPIAYTLKSPMGTEVSQDAKNAIMDNVTFLRKQGFKVTEIDLPIDGRALMRDYSTLAIGMGGAFSTIEKDLKKHGFTKEDVDPITWAVHVIYQNSDKAELKKSIMEAQKHMDDYRKAMEKLHKQFPIFLSPTTASLAPLNTDPYVTEEDKRAIYNMENLSQEERIALFNRQWEPMLRRTPFTQIANMTGLPAISIPTYLSESGLPIGTMLMAGANYDMVLIKFATFFEKHHGFNVKWQRIIDKEVKPSTGLIQPTNSLFKAHSSLVNLEENSQVTQVSISKKWMKSSVKNKPSVMAYQKALPKTGDTESSLSPVLVVTLLLACFSFVTKKNQKS
PKY92027.1_Aerococcus_christensenii_842_TM1;pCDFDuet-1;Spec/Strep;NcoI/HindIII;842;2526;TEV cleavage site + C_term_His_tag + Stop codon;ENLYFQHHHHHH;MRKKIRRWGKEKIKLLSVFIDVRSSKGSGKQIMKKRSHSLLRLGLTSGLLLTVFMSQGNVFYAQTIPSSEPTKAQVTSVHSLDGQKPKKEPEKQLTKVIVNKKKQVLPKKEDKQIQSEFNTPQTNSQKIKILTEKKSALEWANLVKTGQMKPEDLAIYVYQRIKKENPTLNSVIYENTPEDIADQIENLKKKDKSTMPFYGVPILVKMLIQPYRGFPNNNGLPFDKNFKPSRRTGLFVQRLQELGFVIMGSTNAPEMGLLNITNSILYGPAKNPWNLDHNPGGSSGGAAAAVAVGWMPLATGNDAGGSLRIPASWSGLVGLKPTQGAISKDSDNIGVVNFALGRSTQDLETLFKGLAKKGVAQEDKQVEVLKEFPIAYSLTSPVGTPVSAEAKQAVLQAVDFLKKEGFQVVEQAAPVDGKALMKAYFAHAVSNGSVANFIFNNHLPQKERHNLSIKDVDDQKVSLLVYALYRASVKAPKNIKQAWNTELAIIAKQMKDFHEKYPIYLTPTTATAAPLNTDPAILPEWQAKLRKIDELPTFEERLQLINDAWFHGLAKTPFTQLANLSGEPAISLPTFVTKEGLPLGIQFQSTKGSDLTLLNLGRLFESKGQFRLDKESQTLKVEPKPRPKPEPTPVPSPRPKPEPTPVPSSRPKPEPTPVPSPDMKPMPTLELKLDSTLEPKTEENSVSTPEQKSEQTHELTSMSATELTTNSQLERTEEWHPIQNQNLGAISVRTFTVRNRQGRAHLGSIVTINPSNVPLVDADSTSSEKKDLEKNTEESHMDESTTSSSPKEVGSSKTKNSEATTDGWNGKKKWIVVVTGATGVLAVASYSVALINKKKL
PKY93381.1_Facklamia_hominis_673_TM1;pCDFDuet-1;Spec/Strep;NcoI/HindIII;673;2019;TEV cleavage site + C_term_His_tag + Stop codon;ENLYFQHHHHHH;MKRNLWHQRLLLSSLLFPLVLNAPLSQVAAQEPVTDPVIETTVNQLKETAVPLESSNPEGSQAEDQPLAPFTKADYETSSATQMAQAIRQGRVTSEQLVNWAFEEIEAKDGELNAMISTRKEAALKEARELEDQGQPFYGVPLLLKGLGHTIKGGDNTNGLTYMEGTQSRSDSRITKDLKKAGFIVVGQTNYPELGLKNISDSKLYGRSANGLDPQYAAGGSSGGSAAGIAAHYAPVASGSDAGGSIRIPASWNGLIGYKPSRGVLDQNPDRPNLQVVHFPLTKNMTDTVGLFDFFGGSAYPEIPFDPKNIKIAYSTQSPVNTDVSPEAQEAVHQMVAYLKGLGFSLEEVAAPIDGVSLMHDYYTLAAASGSFANFLSQQKRKQAIQFDEVDPTTWVLYQYSQHLDKKDSELAWQRIHEQAEKMKQFRQNYPLYLTPSTAFLAPKLEDPLLTADHLQQIKESHLLDKEALAQLVYDQWLTALRYTPFTQLANLTGEPAISLPTYQAEDGRTLGVQFQAGLKQDRLLLAVGQLLEQAGQFYYQKPSVPAPSEPEDGSEEEQQDSIDENVESENPSPAPVGDESDHEEAAGQDSNPDHSTSLEAIETDSADKDLPSNDSSEATASDPSDHQSQTKPLKSKTLLPETGEASINGFWPAMMLGWVFVLWPSKIRGRK
PLT14322.1_Limosilactobacillus_fermentum_492_TM1;pCDFDuet-1;Spec/Strep;NcoI/HindIII;492;1476;TEV cleavage site + C_term_His_tag + Stop codon;ENLYFQHHHHHH;MIVVTTDLLSLSGTEMAQAVREGKVSATELVSASLAKIKEENPALNAVISLREKAALNEADQLIDRGQPFLGVPFLLKGLGQTFRGLPATNGNRLFQGQVAQSSSNFARALTNAGFIVLGQTNYPEFGFKNITDSKMYGDAHNPWNLAYYPGGSSGGAGAAVASKMVPIAGASDGGGSIRIPASWTSTIGLKPTRGRVITGPSDWRSWQGAAGSFAITKDVEDTARLLDVLQALQPAAVFQVPLQKPSFADLLKQTVKPVRVGFTTESPVGTPVDPEAVAAVHQAATFLEQNGFEVEEIEVPTDGRALIDSYYLMNEGETAAMFDQVEASLGRAVTVDDMEPLTWALYRTGRHISAATYSNALAAWDQAGYQMATLHEAYPLVLTPTTAMTAPRIDQTMVSEAQLDQMRDIDALTPAAQQRFIFDQWLPSLTRSPFTQQANLTGEPAISLPTHLTKAGLPLGIQLVAGKGQEGLLLQVAKLFETQGRLLLKD
PKZ20744.1_Aerococcus_sanguinicola_492_TM1;pCDFDuet-1;Spec/Strep;NcoI/HindIII;492;1476;TEV cleavage site + C_term_His_tag + Stop codon;ENLYFQHHHHHH;MDYFKSYSDDATALAGQIRQGQTSSQDLVRQAIDRAKAINPKLNAVTRLFEDYAQDLAQEDHSQTLFAGIPTLMKDLGHNIKGVPATSGARLLKDQIAPVTSNFSRSVMATGLIPIGQSNVPEFGLKFISDSDYYGPVHNPVDPDYNAGGSSGGAAAAVQAGIVPVATASDGGGSIRIPASFSGLVGLKPSRVRTATGPRKWRSWGGAPVGFMMTKSIRDTAQLLLALQSNLKPIPFQTLPIPKAHIDHAIRAVKNLRIAYSTKSPAGTEVSDEAIQAVENTVRFLRDQGFQVEAADPKINGQELVRGYYEMNGAEMAASFLGIEQQLQRKIQREDVEIQTWTMAQYGKTIPAYRYSQIFDTWDQAAEIMDDFHQTYDILIQPSTAQAAPRVDDKLYSQSDYEAMLRSEELPAPDLAELVYQVFKKGLLASPFAMIYNLTGQPAISLPLHTCQNGLPLGVQLIANKGEEALLIGLSAYLEREDRFHYYPDLI
PKY92026.1_Aerococcus_christensenii_490_TM1;pCDFDuet-1;Spec/Strep;NcoI/HindIII;490;1470;TEV cleavage site + C_term_His_tag + Stop codon;ENLYFQHHHHHH;MLLMISFKAHNSDATALAHRIQKGDISPIEAVEECFKRLPDLQKKTNALTYLDKEGAKNYIHHHLPKKAPFRGVPILLKGLGHAFKGYPSTAGSRLLKDTHYPQTDFFTQSLLDAGFVPIGQTNVPEFGLKYISDSVLFGPVKNPMNPAYYAGGSSGGSAAAVKSGMVAIASASDGGGSIRIPASFCGLVGLKPTRGRTATGPTSFRGWEGAAIHFVLAKSVRDTASALLALQRQQDASPFQVPLLQEKDFDQAFDALHTLTIAYSTESPLGEKVSDEAILAVEKTAEALSKLGFNVKRATPKIDGKTLLKGYYLMNAAEMQAEFQSMEEAFQSPIHVGEVEPISYGLAQLGKEIKAFEYPKIFNQWDQAAYAMSLFHKDFDLFLQPTTMSPAPALSDTLYQEKDLEDLTKWSQTGNREQLFATLYSLFSTGHLTASWPFIYNLTGQPALTLPLHNCANGLPLGVMFSAPKGREDLLLALAAFLENNDLF
PLR66227.1_Bacillus_sp._496_TM1;pCDFDuet-1;Spec/Strep;NcoI/HindIII;496;1488;TEV cleavage site + C_term_His_tag + Stop codon;ENLYFQHHHHHH;MDTYTYSKYDGVGLSELVKKKDVSPKELTDAAFKQIENVNPLLNGVVRTRQEKVLKEIGQLDLDNQPFAGVPILLKDISQAVEGEALTSGSKLLKNNISSRDSNFVARLRQAGFLFLGHTNTPEFGLKNITEPEVHGQTRNPWNIKHSAGGSSGGSAASVSSGIVPIAGASDGGGSIRIPASFTSLFGLKPTRGRTPVGPSVGRQWQGASIDFVLTKTVRDSAAMLDLLQIIQPEAAFHTPLFEGKYMDVLEKEIKRPLRIAFQTQSPVGTPVSDEAVQAVHRMAKWLEEQGHEVEERGNGIDGIRLMENYYIMNNGEMAATILGLEKMLGRPIAANDVEIVTWVLSVAGHSVSAAEFTQSLAEWDSAAAKMAAFHETFDMYLTPATAFPAPKIGELTHNQEEIEALLKVSELKKEEHLPFVYDMFLKSLTVTPFTQLANLTGQPAMSVPTHITLKGLPLGVQFIAPKGKEDWLLALAGQLEQSEMWIGMEGNSFF
PLA40941.1_Neisseria_sicca_498_TM1;pCDFDuet-1;Spec/Strep;NcoI/HindIII;498;1494;TEV cleavage site + C_term_His_tag + Stop codon;ENLYFQHHHHHH;MNFQDYIRYDAVGLAELIRKKEVSADEVLQAALNRLDEVNPKLNLLAHDLRERAAAWQWSSENTDTPLAGVPFLLKDLLADWEGAPTWSGSRMMQHYIAKQNSELTQAYLDAGLRVFGKTTTPEWGAYPVTETEIYGITRNPWNLDYTAGGSSGGAAAAVASGVVPAAHGCDGGGSIRVPAHNCGVFGLKPTRGRSSYAPNASEAWQGLVCDHVLTRSVRDSAVLLDIAAQTQARALYACPPPPENGFADSLKQETGRLKIAFWKQAWFGGGNDEGTEAAFAHSLKLMQDAGHELEEATPDFAPPEQLNRADRIIVMGETAKLFYQYQYETGQKLPHRLLEPTTWAMIVQGRQISAGEMAWARDVMLAQERAAKAFFTRYDVLMTPVCPRTTPKIGEMMPPPAAQKAMRLLFGTLRLGFLLKNNPFLEKEAAAALQYVGYTSPLNMSGNPAMSVPLYRHNGLPVGIQFAAAHGREDTLLGLAAQLEQIQPWAEIPQLA
PKZ65816.1_Gordonia_terrae_492_TM1;pCDFDuet-1;Spec/Strep;NcoI/HindIII;492;1476;TEV cleavage site + C_term_His_tag + Stop codon;ENLYFQHHHHHH;MGEYLSADATTLAGLVASGEVTAAELLDLARARADAVNPSLNAIVTRMDAEADARVRGDLTGPFAGVPFLIKDLAQDYRGYPTTRGSRALATHIAREHSVGVQRFLDAGLVIFGKTNTPEFGAKGITEPTFWGPTRNPWDLAVTPGGSSGGSAAAVAAGIVPAAGASDGGGSIRIPAACTGLFGLKSSRGLMPFGPQTGEPLFGMGVEGVVTRTVRDAAALYDALIGPTPSSTYPTPLHTESYTARIATPPRLLRIGYTTTSAINANPHPEAVAAVEHAASVLTDLGHQVEEVAPPHDDAALARDFLDIWFAKCAAQVDEVRRLTGAPDSHFEADTLTLAELGRAAGVVPLFTALDRINDHVLALDRFHQTHDLLLTPTLAVPPPRVGSMTTPPVLQRAARLASRARSGRAISRLGIIDKLIYESLGWVPYTQLANLTGRPAMSVPLHWTDAGLPLGVQFVGRLGADGDLLALAAGLEAAAPWFHRYADISL
PLA35052.1_Corynebacterium_amycolatum_426_TM1;pCDFDuet-1;Spec/Strep;NcoI/HindIII;426;1278;TEV cleavage site + C_term_His_tag + Stop codon;ENLYFQHHHHHH;MASHTSAIRNLPTVREIAAQVREGKLSPVDSVQRSLDAIARLDGGIHAFREVWADRALQAARELEQSEKLSELPLAGVPFALKENTALENPFVQQLTSAGAIAVGTTVNPQFCTWGTTTLPGLAVDNPILPGHTPGGSSGGSAAAVAAGMVPFAQGNDGMGSLRIPAACCGLSTLKATPGTMPGRVGGNDWYGMSVQGVLTVNNDDLRLITKILTNGMVDAENPAKTLPKNFAVSVDTTAPVFGLKAAPEYVDAAQQAARVFADKGFAVSEKNMPYPLNPLPMLARWTAGVADQLRDEPRPDHLEWRNRVHAGIGRLLRFTINGRQVARDGARIERELPGDTILITPALAKNPPRIRAWHRMPWIVNLLSNLRFTPYVSTWNYLGFPAGIVVEPTSGLPVQLIARPTQERILLTAMETIASGGRVG
PLB08528.1_Pseudomonas_aeruginosa_464_TM1;pCDFDuet-1;Spec/Strep;NcoI/HindIII;464;1392;TEV cleavage site + C_term_His_tag + Stop codon;ENLYFQHHHHHH;MTALHDLPGTRLLALFARRELSPGEYYEHLLAHIQRWEPHLNALYRFDPQRVRDQAAAATERWRKGQPKGPLDGLPVTIKELIATAGEPIPLGSAATALQPAPCDAPPAARLREAGAIVLAKTTVPDFGMLSSGLSSFHGVTRNPWNLANNTGGSSSGAAAAAAAGYGPLHLGTDIGGSVRLPAGWCGLVGFKPSLGRIPIDPYYTGRCAGPMTRCMDDCLLLMRYLAQPDARDATSLPPEVLDWSAEPLSVRGLRVGLQLDPGCGLQPDAEILAAIEAAARLFEEHGAQLRIVEPLMDRSLLDGLNDFWRARLWSELLLLDETRRARVLPYVHAWAEGGARVSGVDAVRGFNQTFEMRRRAARLFGEIDLLLTPTNQVEAFPADWASPLNDPQRPFEHIVFTVPWNMGEQPALSINCGFTAAGMPIGLQVVAPRFADTWLLRIGKTYEGWRGPIHGWPRPPAD
PKY70105.1_Brevibacterium_ravenspurgense_506_TM1;pCDFDuet-1;Spec/Strep;NcoI/HindIII;506;1518;TEV cleavage site + C_term_His_tag + Stop codon;ENLYFQHHHHHH;MTADQLHWLSVRELLSGFRAGTFTPLEVLDHLVERIEELDKATGINAIVDLQVESARELAAEATQRYQDGAGDCCTTGSSYLDAERPLLGVPFLVKEQHDVAGLSATRGSQALQGKVAEKDAEIVARLKQAGAIPFGRTTTPEMSCATFTHTREWGVTRNPYNPNKTPGGSSGGSGAAVAAGFAPFATASDIGGSTRIPAAFCGLPGLKTSYGRTPGAVPMNIDWYRGDHILARTVSDTALVFNQIMGPSKLDMATIPVSGSFPVEHHFGQYSYTSGQEVPAGAEAHNVVLSGWKIGVSADLGCYELDESTRLGVERVAEALEAAGAQVVPVDVQLKLEDVTRASMAHYGGLLAPNIERQAGGDITVLEPYTQEFVRRTTRFAEETSLLEAALIESDIQQKLLAALDEVDVLITATSAVEDLDAGEDFTTGIDRPDGEHSFYWEAHQVVPFNIANRMPAMSVPSGIGSAGVPTGVQIVGMPYREATVLRVAAAIEALMPFPRPKIG
PLB04707.1_Pseudomonas_aeruginosa_494_TM1;pCDFDuet-1;Spec/Strep;NcoI/HindIII;494;1482;TEV cleavage site + C_term_His_tag + Stop codon;ENLYFQHHHHHH;MSATRHRSDGHEEIVALDALPLSAAIRRRELSCREVMQAYLAQIERFNPRVNAIVSLQAESRLLAQADERDRQLARGEWLGWMHGMPQAIKDLAATSGIPTTLGSPLFAGQVPEHDAIVVERMKSSGAIVIGKTNVPEFGLGSQTYNPLFGTTRNAYDPARIAGGSSGGAAVALALRMLPVADGSDMMGSLRNPAAYNNVYGFRPSQGRVPHGPQAELFVQQLATEGPMGRSVADLARLLATQAGYDPRCPLSLRDDPRRFADDLGRDFRGARLGWLGDYAGYLPMEEGVLELCEAALGDFAELGCDVEACLPDYPLERLWRTWLVHRQWLVQGSLGELYADPARRVRLKPEAQWEVESGLGLGAAEVYRASLDRSDWYRALARLFERYDFLLLPSAQVFPFDAETAWPRQVAGRPMDTYHRWMEVVIGPTLAGLPAISVPIGFGAAGLPMGLQIIGPAQADLAVLQLAHAHEGLTRWVSRRPPAMLEAPGGID
PMC16657.1_Oligella_urethralis_425_TM1;pCDFDuet-1;Spec/Strep;NcoI/HindIII;425;1275;TEV cleavage site + C_term_His_tag + Stop codon;ENLYFQHHHHHH;MNVKVLTTKPQIYTAEEALKLMRGDELTATAYLESCLELVEKKEPIIKALAFIDKKNALDSAENCDFQSENGVLGGIPIVVKDVIDVLGMPTAYGADKYFTNIPNRDAVCVALLKQAGAIIVGKSTTAEFAYSKPPATVNPHNILYSPGGSSSGSAAAVSAGMFPIAIGTQTGGSMIRPASFCGVYGFKPTFNLIPRDGVKTFAESADTIGWYANSLADIRLVLKALAPTYSISDINNDITKVGFCKTPFWSIADNDMKGLVQNSSKKLDAIEIDITDIATQANDDHRLLMASEISRSLSVQYNNGYQFLSAGLLDFIKKGLSITRDQELAAHRRLADYRRKIDDIFVDIDVIITPAAPGSAIKSQRKTGSSIFNILWSASHAPCLSLPVGVSDLGLPLGLQCVGRRFNDANLLVHAERILSRLI
PKY80781.1_Pseudoglutamicibacter_albus_597_TM1;pCDFDuet-1;Spec/Strep;NcoI/HindIII;597;1791;TEV cleavage site + C_term_His_tag + Stop codon;ENLYFQHHHHHH;MSKVFDGGDVAEDIIAEASIAELRAALEEGRATAVELVTAYLDRIDAYDGELNSVIVRNPDALAEAEASDARRRAGELASPLDGIPYTAKESYMVRGLTVSAGSPAFKDLVAQRDAFTIERLRSAGAICLGLTTMPPMANGGMQRGLHGRAESPYNRSYLTSAFASGSSNGSGTATAASFAAFGLGEETWSSGRAPASCNALCAYTPSRGVISMRGNWPLVPTMDVCVPHTRSMADMLEILNVIVADDHTREGDFWREQPWVNIPKASDVRPADYRELAEQADGKGPLAGMRIGVPGMYINQAEHAGTGGDRTGDTGVGGPMGQKITTHPDVIALWEKARTVLEDAGASVEIVDFPVVSNYEGDRPEAPTISTRGMVSPEYLTDEVGYLAAWSWERFLRANAEATEAGEAAPRPATLAEVDGTEIFPHPEGALEDRYVGFDDDIATYPDMIRERGFCELADIPGIGDGIAGMNQTREIDFDDWMAERNLDAIVFPAMADVGPADADTNPESAEKAWANGVWVANGNLIPRHFGIPTVTVPMGAMHTAMPVGLTFAGKPYSDNTLLALAAEFEARHPARTTPNLTVTSKDSAATIGSE
PLB03943.1_Pseudomonas_aeruginosa_569_TM1;pCDFDuet-1;Spec/Strep;NcoI/HindIII;569;1707;TEV cleavage site + C_term_His_tag + Stop codon;ENLYFQHHHHHH;MIEVTEVSIAELRDALESGRTTAVELVQAYLARIDAYDAPGTPTALNAVVVRNPDALAEAQASDARRARGEPLGPLDGIPYTAKDSYLVKGLTAASGSPAFKDLVAQRDAFTVERLRAAGAICLGKTNMPPMANGGMQRGVYGRAESPYNAAYLTAPFASGSSNGAGTATAASFAAFGLAEETWSSGRGPASNNGLCAYTPSRGVISVRGNWPLTPTMDVVVPYARSMADLLEILDVVVADDPDTRGDLWRMQPWVPIPKASEVRPASYPALAAGAEALAGKRFGVPRMFINADPDAGTSESPGIGGPTGQRIHTRPSVIALWEQARKALEAAGAEVIEVDFPLVSNCEGDRPGAPTVFNRGLVSKEFLHDELWELSAWGFDDFLRANGDPKLNRLADVDGPQIFPHDPGTLPNREGDLAAGMDEYVRMAERGIKPWDRIATLPDGLRGLEETRRIDLEEWMRRLRLDAVLFPTVADVGPADADVNPASADIAWSNGVWVANGNLAIRHLGVPTVTVPMGVMADIGMPVGLTFAGRAYDDSALLRFAAAFESTGSRRIVPPRTPPLASK
PLR70916.1_Bacillus_sp._490_TM1;pCDFDuet-1;Spec/Strep;NcoI/HindIII;490;1470;TEV cleavage site + C_term_His_tag + Stop codon;ENLYFQHHHHHH;MKNPRLKKLQEEWLLEATIDEMQEKLEKGEVSSKELVLMYLHRIAQKDKNGPAINSVLEVNPDAAQIAAALDAERKLKGSRGPLHGIPVLIKDNIDTADKMHTSAGSLALKESVAKEDSYVAEALRKAGAVILGKTNMTEWANFMTEGMPSGYSSRGGQVLNPYGPGNFDVGGSSSGSGAAIASNFAAVAVGTETSGSILSPASQNSLVGIKPTVGLISRRGIIPIAHSQDTAGPMARTVRDAVYLLDVLAGNDDRDPAVLNNPESDYTEFAGFLDENGLKGKRIGIAREVYFDYLSGDKLEVMNHAVEQLKALGAEVVDPVEIPSTKNNWKYDVLTYEFKADLNAYLRGVAPHIKVKSLADVIAFNLENSDAALKYGQTILEEAERTSGTLTEEAYISSLEEDVYFSTEQGIDHVLKEHHLDAIVTPNNFGAGIPAKAGYPSITVPAGYSLENEPVGITFTGTAFSEAGLISMAYAFEQGTKVRKSPLL
PKZ05429.1_Enterococcus_faecalis_528_TM1;pCDFDuet-1;Spec/Strep;NcoI/HindIII;528;1584;TEV cleavage site + C_term_His_tag + Stop codon;ENLYFQHHHHHH;MSKFLKVIGIIAVLLVIIGAAAYWFILKKFTPEAETPAMYNQERIVKTIEDQLKETDVQKARTKAPLIIEKNITELQQAIANGTLTYEELTAFYLDRILQFDQIDNGMNSISEINPQAIKEAKAFDQQASQTPKKPLYGIPVTLKENINTTNMISSAGAYALRTFKPKEDAEVVKKLTEAQALILGKVNLSELANYMSMKAPSGYSSKHGQTLNPYGPLKITPSGSSSGSGASVTMNIGAFSLGTETMGSIVSPASHQSVVGFKPTHSSVSGEGVLPLAPSLDTVGPIARSVVDAAQGYNAFKKDTVPSIDSTKFTKNNLQGQRIGLLEMPSAEEEFTAAKKALQKAGAEVIPVTPDMEGIDGGKVISNEFKFALEEFAKRYDLPFKTLEELIAYNQQDKKVRAKYGQDLLEADVKKKQPDKEIIQTTIKKAQQTFDALLKKQQLDGYAFIDSEGTGLSAVAGYPELTVPLAKNSEGQPYGLTFTQTANKEQTLFEQAYSFEQSTKGRIVLSDNELLANSKKINRDEQ
PKZ43269.1_Globicatella_sanguinis_416_TM1;pCDFDuet-1;Spec/Strep;NcoI/HindIII;416;1248;TEV cleavage site + C_term_His_tag + Stop codon;ENLYFQHHHHHH;MTDKTMFINKKLTVSKEPPYDPLQSFVRDNHIALKGSLEGPLSKYVFSAKDVFKVKGSTWGNGHPDWLKNSDPDDFTAIAVEKLLDNGADLVGKTVCDELCYSISGENWNYGSPINPHDVRRYTGGSSSGACAAVAGGLVDFSIGSDCLGSVRVPAAYNGLIGMRPSYKRVDNGGEAPYCESMDVLGFVATESEIFRNVGHVLLGDDEKDYTFNRILIADDCFDAINSDVREALQPAIDTIVEAVGSDLEHISLTEHYEGGLAEWVKIFQLVQGYEVWESYGGFVNKYKPNLSPGPKSRLEFASSITQTQYRDSLEKMKEISDIVMSKIPEDALLIIPTASSVAPLRSAAQEEINEYRAQSSQLLCVSPLSGVPQITLPLVKQHEVPLGISILGSFGSDMAMVNFASDLMNDKLGV
PKZ63448.1_Gordonia_terrae_557_TM1;pCDFDuet-1;Spec/Strep;NcoI/HindIII;557;1671;TEV cleavage site + C_term_His_tag + Stop codon;ENLYFQHHHHHH;MSRIDELYARIAEADRPEVFITLRSEDEVAAEYERSVAAGGPLAGVLLAVKDNVDVAGVPTTAGCPGFAYTPDVDAPAVAALRAAGAVVVGKTNLDQFATGLVGTRSPYGAVRDSRRPDRISGGSSSGSAVAVALGFADIAIGTDTAGSGRVPAGLQGIVGIKPTVGVVSTAGVVPACASYDVVTVFAADLALADRSMSVMAEAAGTRPFPQSIPYAAPERPVIAVPTELPGLDERWRAAFDDAVLRAESAGLMVKTIDLSPFLEAARLLYDDALVAERYDAVGDYLDSVPDPDVAGLDPTVSAIIDAAQRFSAVDLLRARRRLADLRATAMQQWGDATVLMVPTAPAHPTLAEVAADPVGVNSRMGTYTNFCNLFDLCGLAVPAGTVVDEGGSTAQFGITFLGRGHADAVLVDVARRFLGDDSVAPSWAEGDEAIELAVFGAHMRGGPLTHELGDRGARWAGEVTTTASYRLVALDTTPPKPGLIRDPAAGREIRGEVWRLSPAALGDFLAALPEPMMLGKVEIAAGETGPARWIVGFGCAADAGASGQILDRDRW
PKY70760.1_Brevibacterium_ravenspurgense_443_TM1;pCDFDuet-1;Spec/Strep;NcoI/HindIII;443;1329;TEV cleavage site + C_term_His_tag + Stop codon;ENLYFQHHHHHH;MPAAGPAILSRTGLTVEGVEVTVADIDRILREVASAGDRFNAVTEMLPELARERAGEAAQRADEGLPPRALEGQPFAVKDIVFIAGAPTSMGSRVDVLSHPDATTGTADVIERLMAAGAIPVAKTNCQEFSHGIFGEHSAFGTVVNPAGAGLCTGGSSSGSAALVAAGTVPFAVGSDTAGSVRVPAGCQGVVGFKPTLGAVNTDGVFPLSPSFDTLGFFTRTVSEAVRVFSAVVDFSAGAPASVTVGTFELSTPHWIEDGADYLDTTEPVDLEPFIEESGALYDTVRKYESYRILGPLAETQSEAFTPGVLDRVKQSADVSEAEYKQALADVEALRERALAQFADVDVIVSPALDGGTVPWDSIGPDARPAFVRYSQLFNVLGWPAITIPTGRKYDSGAPACLHIAGKPGEDATVLAVAAEVERRLQAEANAAQPTDPQAGAN
PLR73545.1_Bacillus_sp._442_TM1;pCDFDuet-1;Spec/Strep;NcoI/HindIII;442;1326;TEV cleavage site + C_term_His_tag + Stop codon;ENLYFQHHHHHH;MKRWDELSIIETAELYRKTELSPVEVVQDICKRVKELNEELNIFITLTEESALAAALKAERAFKRKEKLHILAGIPFSVKDLFDTSGVKTTCGSRILNSHIPRETAPLIRLLDQFGAVMTGKTNMLEFAYGAVHPDYGQTNNPWDRSKTAGGSSGGSAASVAAGLSLFSLGTDTGGSIRVPASYCGIAGLKPTYGLLPVEGAFPLSGSLDHAGPMAKSAEDLLVIMESLCPQVAEFSDDKEALTVGVLPPSFLYGAEEDVMVAYNNTLTEAEKAGWKIRESDIPLFDKTEHILMNVLLPEAALVHEQWAGRKEDYAPVTYKQIEAGLRHNSLDYLKAREQMATLRQQVDEALNAADILLMPTVSYPAPKEDPALEMDDEMKFTGIFNVTGHPAVTIPAGLSKGGLPIGMQLAGKHKEDIRLLKRAVRLEKQLGFLKKGGCNV
PKZ65245.1_Gordonia_terrae_395_TM1;pCDFDuet-1;Spec/Strep;NcoI/HindIII;395;1185;TEV cleavage site + C_term_His_tag + Stop codon;ENLYFQHHHHHH;MPEQFGVDPDVASGPLSGLRIGVKDNIEVGGVRSTCGSEYFADRVASADAACVRAVKQAGAVITSTLNLAEFAVGVTSQNSASGGSENPWAADRVPGGSSGGSGVAVAAGIVDVSLGTDTGGSIRLPAACCGVTGLRPSVGVLDMTGIFPVSADFDTVGPLARSAALVRETFAVLAGADSAPLRSGSLRIALPWPFVTEDVDPAVRDAVVGAADLLRDLGHSVVDVPVPHSASAQDVVYTLIYSDLAKTHAERLRDEPSRFQSATRERILLGLSISDGQVTAARRQRDLFRAATAELFDDVDVVLTPAMPADVPLLGSGDAVVAQARRMGQLTYPWSLHDGPTLALPVGVHPSGMPIGAQLTAAHDAEATLFALAEQYQEHTDWHRRRPPVRVDG
PLA16723.1_Klebsiella_pneumoniae_465_TM1;pCDFDuet-1;Spec/Strep;NcoI/HindIII;465;1395;TEV cleavage site + C_term_His_tag + Stop codon;ENLYFQHHHHHH;MTLQHFTIADLQRALHDGELSAREIARQTLDDIARVNPQINAWTEVTAQRMLAEADSIDALRREKRPLPPLAGIPYAVKNLFDVAGHTTLAGAELLSDRSPATSDSWAVRQLHSAGALLSGMLNMDAYAYGFTTENSYYGATRNPHDLSRIAGGSSGGSAAAVAAGLVHFSLGSDTNGSIRVPASLCGIFGLKPTFGRLSRSGSHPFVASLDHIGPFARRVADLAAVYDALQGRDPADDFQADKASERTGNLLERGLEGLRCARLGGYFTTWCDDDARAAVDRVAHALGADSELQFADAALARSAAFIISASEGGNQYLTDLRHSPERFEPHSRERLLAGAMIPSAWYLQAQRFRRHARQAMKSLFSQADVLLAPATPCSATPIGAEEMVINGQPLPVRASMGMLTQPISFLGLPVVTVPLRTASGKPIGLQLIAAPFNEQACLRAARALEAMGITDARVAESAA
PLA31171.1_29_Lactobacillus_crispatus_479_TM1;pCDFDuet-2;Spec/Strep;NcoI/HindIII;479;1437;TEV cleavage site + C_term_His_tag + Stop codon;ENLYFQHHHHHH;MNYLNENIDSLNKKLASGDLSADKLAKDTVANIKDTDKKLNAWITVLDDAKPADNLDYSKSKLAGIPIAIKDNIITNGIKTTAASHILYNYMPMYDATVISKLKKAGVTFVGKTNMDEFAMGSSTEHSYYGATHNPWNLDKVPGGSSGGSAAAVASGQVVAALGSDTGGSIRQPAAFNGIFGIKPTYGRVSRWGLIAFGSSLDQIGVMTKRVKDSAEVLNVIAGADEHDSTVSTREVPDFTKFIGQDVKGLRVAVPKEYMEAVSGEMREVIQKQIDALKDAGAVINEVSLPHTKYVVPDYYIIASSEASSNLQRYDGIRYGYRAKDTKNLLDVYVKSRSEGFGAEVKRRIMLGSFALSAGSYDRFFRQAAKVRTLICDDFDKIFAENDVIVGPTTTEPAFGIGEEVSDPIKMYNNDILTISANLAGIPAASVPAGLVDGMPVGLQVMAKRFDEGNVFKTADFIERTNKFYEKTPTGMED
